LEN.B,'marketCap'
LGF.B,'marketCap'
LOAK,'marketCap'
JBK,'marketCap'
JW.A,'marketCap'
KSU.P,'marketCap'
KTH,'marketCap'
KTN,'marketCap'
IFFT,'marketCap'
INN-D,'marketCap'
IPOB,'marketCap'
IPOC,'marketCap'
DDT,'marketCap'
DLY,'marketCap'
DTP,'marketCap'
DUKB,'marketCap'
FSKR,'marketCap'
HEI.A,'marketCap'
EIC,'marketCap'
ELAT,'marketCap'
ELC,'marketCap'
ELJ,'marketCap'
ELU,'marketCap'
GEF.B,'marketCap'
GFLU,'marketCap'
GJH,'marketCap'
GJO,'marketCap'
GJP,'marketCap'
GJR,'marketCap'
GJS,'marketCap'
GJT,'marketCap'
GSLD,'marketCap'
GYC,'marketCap'
BCS.P,'marketCap'
BDXB,'marketCap'
BF.A,'marketCap'
BF.B,'marketCap'
BHR-B,'marketCap'
BIO.B,'marketCap'
BMRG,'marketCap'
BMY.P,'marketCap'
BRK.A,'marketCap'
BRK.B,'marketCap'
AEFC,'marketCap'
AFGB,'marketCap'
AFGC,'marketCap'
AFGD,'marketCap'
AJXA,'marketCap'
AMH-D,'marketCap'
AQNB,'marketCap'
ARGD,'marketCap'
AXO,'marketCap'
CAI-B,'marketCap'
CBB-B,'marketCap'
CEL.P,'marketCap'
CMSC,'marketCap'
CMSD,'marketCap'
CRD.B,'marketCap'
CTAA,'marketCap'
CTBB,'marketCap'
CTDD,'marketCap'
CTV,'marketCap'
CTY,'marketCap'
CTZ,'marketCap'
CUBB,'marketCap'
QVCD,'marketCap'
VER-F,'marketCap'
RCB,'marketCap'
RCP,'marketCap'
RDS.B,'marketCap'
RMM,'marketCap'
WFC-L,'marketCap'
MDLQ,'marketCap'
MDLX,'marketCap'
MGR,'marketCap'
MH-D,'marketCap'
MHNC,'marketCap'
MOG.A,'marketCap'
MTCN,'marketCap'
MTL.P,'marketCap'
NMCO,'marketCap'
NRUC,'marketCap'
TCRW,'marketCap'
TDW.B,'marketCap'
PEB-C,'marketCap'
PPX,'marketCap'
PRS,'marketCap'
PYS,'marketCap'
PYT,'marketCap'
SBBA,'marketCap'
SFB,'marketCap'
SJIJ,'marketCap'
SOJD,'marketCap'
SREA,'marketCap'
SWT,'marketCap'
BMEZ,'marketCap'
AQNA,'marketCap'
COF-I,'marketCap'
QVCC,'marketCap'
RCA,'marketCap'
RDS.A,'marketCap'
RFM,'marketCap'
TBC,'marketCap'
TY.P,'marketCap'
PBC,'marketCap'
PUK.P,'marketCap'
SAF,'marketCap'
SOLN,'marketCap'
STZ.B,'marketCap'
LGC.U,list index out of range
LGC.W,list index out of range
LGF.A,list index out of range
LGV.U,list index out of range
LHC.U,list index out of range
LHC.W,list index out of range
LOA.U,list index out of range
LOA.W,list index out of range
LXP-C,list index out of range
JCA-B,list index out of range
JE-A,list index out of range
JIH.U,list index out of range
JIH.W,list index out of range
JPM-C,list index out of range
JPM-D,list index out of range
JPM-G,list index out of range
JPM-H,list index out of range
JPM-J,list index out of range
JW.B,list index out of range
JWS.U,list index out of range
KEY-I,list index out of range
KEY-J,list index out of range
KEY-K,list index out of range
KIM-L,list index out of range
KIM-M,list index out of range
KKR-A,list index out of range
KKR-B,list index out of range
IIP-A,list index out of range
INN-E,list index out of range
INS-A,list index out of range
IPO.U,list index out of range
IPO.W,list index out of range
IPV.U,list index out of range
IPV.W,list index out of range
IRE-C,list index out of range
IVR-A,list index out of range
IVR-B,list index out of range
IVR-C,list index out of range
DCP-B,list index out of range
DCP-C,list index out of range
DFN.U,list index out of range
DFN.W,list index out of range
DHR-A,list index out of range
DHR-B,list index out of range
DLN-A,list index out of range
DLN-B,list index out of range
DLR-C,list index out of range
DLR-G,list index out of range
DLR-I,list index out of range
DLR-J,list index out of range
DLR-K,list index out of range
DLR-L,list index out of range
DMY.U,list index out of range
DMY.W,list index out of range
DS-B,list index out of range
DS-C,list index out of range
DS-D,list index out of range
DSX-B,list index out of range
DTL.P,list index out of range
DUK-A,list index out of range
DX-B,list index out of range
DX-C,list index out of range
F-B,list index out of range
F-C,list index out of range
FEA.U,list index out of range
FEA.W,list index out of range
FG.W,list index out of range
FHN-A,list index out of range
FHN-E,list index out of range
FNB-E,list index out of range
FPA.U,list index out of range
FPA.W,list index out of range
FPI-B,list index out of range
FRC-F,list index out of range
FRC-G,list index out of range
FRC-H,list index out of range
FRC-I,list index out of range
FRC-J,list index out of range
FRT-C,list index out of range
FTA-A,list index out of range
FTA-B,list index out of range
FTV-A,list index out of range
FVA.U,list index out of range
HFR-A,list index out of range
HIG-G,list index out of range
HL-B,list index out of range
HML-A,list index out of range
HSB-A,list index out of range
HT-C,list index out of range
HT-D,list index out of range
HT-E,list index out of range
HVT.A,list index out of range
EBR.B,list index out of range
EFC-A,list index out of range
ENR-A,list index out of range
EP-C,list index out of range
EPR-C,list index out of range
EPR-E,list index out of range
EPR-G,list index out of range
EQC-D,list index out of range
EQH-A,list index out of range
ETI.P,list index out of range
ETP-C,list index out of range
ETP-D,list index out of range
ETP-E,list index out of range
GAB-G,list index out of range
GAB-H,list index out of range
GAB-J,list index out of range
GAB-K,list index out of range
GAM-B,list index out of range
GDL-C,list index out of range
GDV-A,list index out of range
GDV-G,list index out of range
GDV-H,list index out of range
GGT-E,list index out of range
GGT-G,list index out of range
GGZ-A,list index out of range
GIK.U,list index out of range
GIX.P,list index out of range
GIX.U,list index out of range
GIX.W,list index out of range
GL-C,list index out of range
GLE.U,list index out of range
GLE.W,list index out of range
GLO-A,list index out of range
GLO-B,list index out of range
GLO-C,list index out of range
GLO-G,list index out of range
GLP-A,list index out of range
GMR-A,list index out of range
GNE-A,list index out of range
GNL-A,list index out of range
GNL-B,list index out of range
GNT-A,list index out of range
GRA.U,list index out of range
GRA.W,list index out of range
GRP.U,list index out of range
GRX-B,list index out of range
GS-A,list index out of range
GS-C,list index out of range
GS-D,list index out of range
GS-J,list index out of range
GS-K,list index out of range
GS-N,list index out of range
GSL-B,list index out of range
GTN.A,list index out of range
GUT-A,list index out of range
GUT-C,list index out of range
BAC-A,list index out of range
BAC-B,list index out of range
BAC-C,list index out of range
BAC-E,list index out of range
BAC-K,list index out of range
BAC-L,list index out of range
BAC-M,list index out of range
BAC-N,list index out of range
BAN-D,list index out of range
BAN-E,list index out of range
BC-A,list index out of range
BC-B,list index out of range
BC-C,list index out of range
BEP-A,list index out of range
BFS-D,list index out of range
BFS-E,list index out of range
BH.A,list index out of range
BHR-D,list index out of range
BK-C,list index out of range
BML-G,list index out of range
BML-H,list index out of range
BML-J,list index out of range
BML-L,list index out of range
BMR.U,list index out of range
BMR.W,list index out of range
BSX-A,list index out of range
BXP-B,list index out of range
BXS-A,list index out of range
ABR-A,list index out of range
ABR-B,list index out of range
ABR-C,list index out of range
ACE.W,list index out of range
AEL-A,list index out of range
AEP-B,list index out of range
AGM-C,list index out of range
AGM-D,list index out of range
AGM-E,list index out of range
AGM.A,list index out of range
AGO-B,list index out of range
AGO-E,list index out of range
AGO-F,list index out of range
AHH-A,list index out of range
AHL-C,list index out of range
AHL-D,list index out of range
AHL-E,list index out of range
AHT-D,list index out of range
AHT-F,list index out of range
AHT-G,list index out of range
AHT-H,list index out of range
AHT-I,list index out of range
AI-B,list index out of range
AI-C,list index out of range
AIG-A,list index out of range
AIG.W,list index out of range
AKO.A,list index out of range
AKO.B,list index out of range
AL-A,list index out of range
ALI-A,list index out of range
ALI-B,list index out of range
ALI-E,list index out of range
ALL-B,list index out of range
ALL-G,list index out of range
ALL-H,list index out of range
ALL-I,list index out of range
ALL-Y,list index out of range
ALP-Q,list index out of range
ALT.W,list index out of range
ALU.U,list index out of range
ALU.W,list index out of range
AMB.W,list index out of range
AMH-E,list index out of range
AMH-F,list index out of range
AMH-G,list index out of range
AMH-H,list index out of range
ANH-A,list index out of range
ANH-B,list index out of range
ANH-C,list index out of range
APO-A,list index out of range
APO-B,list index out of range
APT-A,list index out of range
ARE-A,list index out of range
ARR-C,list index out of range
ASB-C,list index out of range
ASB-D,list index out of range
ASB-E,list index out of range
ASB-F,list index out of range
ATC-D,list index out of range
ATC-E,list index out of range
ATC-G,list index out of range
ATC-H,list index out of range
ATC-I,list index out of range
ATH-A,list index out of range
ATH-B,list index out of range
ATH-C,list index out of range
AVT-A,list index out of range
AXS-E,list index out of range
C-J,list index out of range
C-K,list index out of range
C-N,list index out of range
C-S,list index out of range
CAI-A,list index out of range
CBL-D,list index out of range
CBL-E,list index out of range
CCA.U,list index out of range
CCA.W,list index out of range
CCH.U,list index out of range
CCH.W,list index out of range
CCI-A,list index out of range
CCX.U,list index out of range
CCX.W,list index out of range
CDR-B,list index out of range
CDR-C,list index out of range
CEQ.P,list index out of range
CFG-D,list index out of range
CFG-E,list index out of range
CHK-D,list index out of range
CHM-A,list index out of range
CHM-B,list index out of range
CHX.P,list index out of range
CIG.C,list index out of range
CIM-A,list index out of range
CIM-B,list index out of range
CIM-C,list index out of range
CIM-D,list index out of range
CIO-A,list index out of range
CIT-B,list index out of range
CLN-G,list index out of range
CLN-H,list index out of range
CLN-I,list index out of range
CLN-J,list index out of range
CMO-E,list index out of range
CMR-B,list index out of range
CMR-C,list index out of range
CMR-D,list index out of range
CMR-E,list index out of range
CMS-B,list index out of range
CNP-B,list index out of range
COD-A,list index out of range
COD-B,list index out of range
COD-C,list index out of range
COF-F,list index out of range
COF-G,list index out of range
COF-H,list index out of range
COF-J,list index out of range
COR-Z,list index out of range
CRD.A,list index out of range
CTA-A,list index out of range
CTA-B,list index out of range
CUB-C,list index out of range
CUB-D,list index out of range
CUB-E,list index out of range
CUB-F,list index out of range
CWE.A,list index out of range
OAC.U,list index out of range
OAC.W,list index out of range
OAK-A,list index out of range
OAK-B,list index out of range
OFG-A,list index out of range
OFG-B,list index out of range
OFG-D,list index out of range
OIB.C,list index out of range
QTS-A,list index out of range
QTS-B,list index out of range
XAN-C,list index out of range
UBP-H,list index out of range
UBP-K,list index out of range
UMH-B,list index out of range
UMH-C,list index out of range
UMH-D,list index out of range
USB-A,list index out of range
USB-H,list index out of range
USB-M,list index out of range
USB-O,list index out of range
USB-P,list index out of range
VER.U,list index out of range
VNO-K,list index out of range
VNO-L,list index out of range
VNO-M,list index out of range
VOY-B,list index out of range
VRT.W,list index out of range
VST.A,list index out of range
VVN.W,list index out of range
REX-A,list index out of range
REX-B,list index out of range
REX-C,list index out of range
RF-A,list index out of range
RF-B,list index out of range
RF-C,list index out of range
RLJ-A,list index out of range
RMG.U,list index out of range
RMG.W,list index out of range
RMP.P,list index out of range
RNR-E,list index out of range
RNR-F,list index out of range
RPL.U,list index out of range
RPL.W,list index out of range
RPT-D,list index out of range
RY-T,list index out of range
WBS-F,list index out of range
WFC-N,list index out of range
WFC-O,list index out of range
WFC-P,list index out of range
WFC-Q,list index out of range
WFC-R,list index out of range
WFC-T,list index out of range
WFC-V,list index out of range
WFC-W,list index out of range
WFC-X,list index out of range
WFC-Y,list index out of range
WFC-Z,list index out of range
WPF.U,list index out of range
WPG-H,list index out of range
WPG-I,list index out of range
WRB-B,list index out of range
WRB-C,list index out of range
WRB-D,list index out of range
WRB-E,list index out of range
WRB-F,list index out of range
WSO.B,list index out of range
MAA-I,list index out of range
MER-K,list index out of range
MET-A,list index out of range
MET-E,list index out of range
MET-F,list index out of range
MFA-B,list index out of range
MFA-C,list index out of range
MFA.U,list index out of range
MFA.W,list index out of range
MH-A,list index out of range
MH-C,list index out of range
MIT-A,list index out of range
MIT-B,list index out of range
MIT-C,list index out of range
MKC.V,list index out of range
MNR-C,list index out of range
MOG.B,list index out of range
MS-A,list index out of range
MS-E,list index out of range
MS-F,list index out of range
MS-I,list index out of range
MS-K,list index out of range
MS-L,list index out of range
NAV-D,list index out of range
NBR-A,list index out of range
NCV-A,list index out of range
NCZ-A,list index out of range
NEE-I,list index out of range
NEE-J,list index out of range
NEE-K,list index out of range
NEE-N,list index out of range
NEE-O,list index out of range
NEE-P,list index out of range
NFH.W,list index out of range
NGL-A,list index out of range
NGL-B,list index out of range
NGL-C,list index out of range
NI-B,list index out of range
NLY-D,list index out of range
NLY-F,list index out of range
NLY-G,list index out of range
NLY-I,list index out of range
NM-G,list index out of range
NM-H,list index out of range
NMK-B,list index out of range
NMK-C,list index out of range
NNN-F,list index out of range
NRZ-A,list index out of range
NRZ-B,list index out of range
NRZ-C,list index out of range
NS-A,list index out of range
NS-B,list index out of range
NS-C,list index out of range
NSA-A,list index out of range
NSC.W,list index out of range
NTEST.I,list index out of range
NTEST.J,list index out of range
NTEST.K,list index out of range
NYC-A,list index out of range
NYC-U,list index out of range
T-A,list index out of range
T-C,list index out of range
TAP.A,list index out of range
TCO-J,list index out of range
TCO-K,list index out of range
TDW.A,list index out of range
TFC-F,list index out of range
TFC-G,list index out of range
TFC-H,list index out of range
TFC-I,list index out of range
TFC-O,list index out of range
TGP-A,list index out of range
TGP-B,list index out of range
TNP-C,list index out of range
TNP-D,list index out of range
TNP-E,list index out of range
TNP-F,list index out of range
TRN.U,list index out of range
TRN.W,list index out of range
TRT-A,list index out of range
TRT-B,list index out of range
TRT-C,list index out of range
TRT-D,list index out of range
TWO-A,list index out of range
TWO-B,list index out of range
TWO-C,list index out of range
TWO-D,list index out of range
TWO-E,list index out of range
PAC.W,list index out of range
PBI-B,list index out of range
PBR.A,list index out of range
PCP.U,list index out of range
PEB-D,list index out of range
PEB-E,list index out of range
PEB-F,list index out of range
PEI-B,list index out of range
PEI-C,list index out of range
PEI-D,list index out of range
PIC.U,list index out of range
PIC.W,list index out of range
PMT-A,list index out of range
PMT-B,list index out of range
PNC-P,list index out of range
PNC-Q,list index out of range
PRE-F,list index out of range
PRE-G,list index out of range
PRE-H,list index out of range
PRE-I,list index out of range
PRI-A,list index out of range
PRI-B,list index out of range
PRI-C,list index out of range
PRI-D,list index out of range
PRI-E,list index out of range
PRI-F,list index out of range
PSA-B,list index out of range
PSA-C,list index out of range
PSA-D,list index out of range
PSA-E,list index out of range
PSA-F,list index out of range
PSA-G,list index out of range
PSA-H,list index out of range
PSA-I,list index out of range
PSA-J,list index out of range
PSA-K,list index out of range
PSA-L,list index out of range
PSA-V,list index out of range
PSA-W,list index out of range
PSA-X,list index out of range
PSB-W,list index out of range
PSB-X,list index out of range
PSB-Y,list index out of range
PSB-Z,list index out of range
PUK-A,list index out of range
SAN-B,list index out of range
SB-C,list index out of range
SB-D,list index out of range
SBE.U,list index out of range
SBE.W,list index out of range
SCE-G,list index out of range
SCE-H,list index out of range
SCE-J,list index out of range
SCE-K,list index out of range
SCE-L,list index out of range
SCH-C,list index out of range
SCH-D,list index out of range
SCP.U,list index out of range
SCP.W,list index out of range
SCV.U,list index out of range
SCV.W,list index out of range
SF-A,list index out of range
SF-B,list index out of range
SF-C,list index out of range
SFT.U,list index out of range
SFT.W,list index out of range
SHL.U,list index out of range
SHL.W,list index out of range
SHO-E,list index out of range
SHO-F,list index out of range
SIT-A,list index out of range
SIT-K,list index out of range
SLG-I,list index out of range
SNV-D,list index out of range
SNV-E,list index out of range
SOA.U,list index out of range
SPA.U,list index out of range
SPA.W,list index out of range
SPE-B,list index out of range
SPG-J,list index out of range
SPL-A,list index out of range
SR-A,list index out of range
SRC-A,list index out of range
SRE-A,list index out of range
SRE-B,list index out of range
SRG-A,list index out of range
STA-C,list index out of range
STA-D,list index out of range
STA-G,list index out of range
STA-I,list index out of range
STL-A,list index out of range
STT-D,list index out of range
STT-G,list index out of range
SYF-A,list index out of range
